patnum,ccmt_patent,patent_abstract
10000000,0,"A frequency modulated (coherent) laser detection and ranging system includes a read-out integrated circuit formed with a two-dimensional array of detector elements each including a photosensitive region receiving both return light reflected from a target and light from a local oscillator, and local processing circuitry sampling the output of the photosensitive region four times during each sample period clock cycle to obtain quadrature components. A data bus coupled to one or more outputs of each of the detector elements receives the quadrature components from each of the detector elements for each sample period and serializes the received quadrature components. A processor coupled to the data bus receives the serialized quadrature components and determines an amplitude and a phase for at least one interfering frequency corresponding to interference between the return light and the local oscillator light using the quadrature components."
10000001,0,"The injection molding machine includes a fixed platen, a moveable platen moving forward and backward by a toggle link, a base plate supporting the toggle link, a driving part for mold clamping to operate the toggle link, a driving part for mold thickness adjustment to adjust a mold thickness, and a control unit to calculate a movement distance gap before a clamping process by controlling the driving part for mold thickness adjustment to move the base plate backward and then move the base plate forward to a target movement position based on a fold amount of the toggle link, and control the driving part for mold thickness adjustment using a value obtained by deducting the movement distance gap from the fold amount of the toggle link when producing a clamp force."
10000002,0,"The present invention relates to: a method for manufacturing a polymer film, the method including a base film forming step for co-extruding a first resin containing a polyamide-based resin and a second resin containing a copolymer including polyamide-based segments and polyether-based segments; a co-extruded film including a base film including a first resin layer containing a polyamide-based resin, and a second resin layer containing a copolymer having polyamide-based segments and polyether-based segments; to a co-extruded film including a base film including a first resin layer and a second resin layer, which have different melting points; and to a method for manufacturing a polymer film, the method including a base film forming step including a step of co-extruding a first resin and a second resin, which have different melting points."
10000003,0,"The invention relates to a method for producing a container (2) from a thermoplastic, having at least one surround (4), provided in the container wall (1), for a container opening. The surround (4) comprises a structure behind which parts of the container wall (1) extend and/or which is penetrated by said parts. The method is carried out using a multi-part blow mold that has at least two mold parts, each having at least one cavity, wherein the surround is placed as an insert in the cavity (10) of the blow mold (7). The method comprises pressing the preform that has been forced into the cavity (10) into the structure of the surround (4) by means of a tool which is brought to bear on the preform (12) on the side of the preform facing away from the cavity (10)."
10000004,0,"The present invention relates to provides a double-oriented film, co-extrude, and of low thickness, with a layered composition that gives the property of being of high barrier to gases and manufactured by the process of co-extrusion of 3 bubbles, which gives the property of when being thermoformed, ensure the distribution of uniform thickness in the walls, base, folds, and corners of the formed tray saving a minimum of 50% of plastic without diminishing its gas barrier and its resistance to puncture."
10000005,0,"A vacuum forming apparatus is provided that forms an article having a covering bonded to the surface of a substrate in a molding space using a first mold and a second mold. The vacuum forming apparatus is provided with clamps for grasping the covering between the first and second molds arranged at the open positions. The clamps are movable between an interfering position, at which the clamps are located in the movement ranges of the first and second molds, and standby positions, at which the clamps are outside the movement ranges. After the covering is heated, the clamps grasping the covering move to the standby positions and stretch the covering. The first and second molds move to the closed positions and the article is molded between the first and second molds so that the stretched covering and the substrate are bonded to each other."
10000006,0,"A thermoforming mold device (1) providing a piece with a thin wall starting with a sheet of thermoplastic material is provided. At least one (3) of two parts of the mold (3, 3â€²) comprises at least one means (4) of local deformation of a sheet (2â€²) in the mold (3, 3â€²) in its closed state, the at least one means (4) comprises a piece of hollow molding with a peripheral edge, which can be connected selectively to a source of suction and can be displaced between a folded position, in which the molding piece is situated in close proximity with the wall of the thermoformed piece, and a deployed position, in which the molding piece is applied under pressure with its peripheral edge against the wall of the thermoformed piece upholding the other part of the mold."
10000007,0,"An expanding tool comprising: an actuator comprising a cylindrical housing that defines an actuator housing cavity; a primary ram disposed within the actuator housing cavity, the primary ram defining an internal primary ram cavity; a secondary ram disposed within the internal primary ram cavity; a cam roller carrier coupled to a distal end of the secondary ram; a drive collar positioned within a distal end of the actuator housing cavity; a roller clutch disposed within an internal cavity defined by an inner surface of the drive collar; a shuttle cam positioned between the roller clutch and a distal end of the primary ram; an expander cone coupled to the primary ram; and an expander head operably coupled to the drive collar."
10000008,0,"A decorated strip of coated, heat-shrinkable, plastic sheet material is placed in a spiral slot formed in a silicone rubber mold. The spiral slot is defined by a spiral wall having a uniform wall thickness. Upon heating in an oven, the material shrinks, forming a resiliently expansible arc-shaped band that can be worn as a bracelet or wristband."
10000009,0,"In sterile, additive manufacturing wherein one lamella is successively built upon an underlying lamella until an object is completed, a sterile manufacturing environment is provided. A major chamber large enough to accommodate the manufactured object has sterile accordion pleated sidewalls and a sterile top closed with flap valves. A minor chamber for supporting the nozzles positioned above the major chamber has similar valves in corresponding positions. Nozzles for material deposition penetrate the pair of valves to block air and particles from entry into the major chamber where the nozzles make layer by layer deposition of the object using XY areawise nozzle motion relative to the object as well as Z nozzle vertical motion with the major chamber expanding as the object is formed."
10000010,0,"3-D printing system include development stations positioned to electrostatically transfer build and support materials to an intermediate transfer surface, a transfer station adjacent the intermediate transfer surface, guides adjacent the transfer station, and platens moving on the guides. The guides are shaped to direct the platens to repeatedly pass the transfer station and come in contact with the intermediate transfer surface at the transfer station. The intermediate transfer surface transfers a layer of the build and support materials to the platens each time the platens contact the intermediate transfer surface at the transfer station to successively form layers of the build and support materials on the platens. The platens and the intermediate transfer surface include rack and pinion structures that temporarily join at the transfer station, as the platens pass the transfer station, to align the platens with the intermediate transfer surface as the platens contact the intermediate transfer surface."
10000011,0,"To reduce distortion in an additively manufactured part, a shrinking platform is formed from a metal particulate filler in a debindable matrix. Shrinking supports of the same material are formed above the shrinking platform, and a desired part of the same material is formed upon them. A sliding release layer is provided below the shrinking platform of equal or larger surface area than a bottom of the shrinking platform to lateral resistance between the shrinking platform and an underlying surface. The matrix is debound sufficient to form a shape-retaining brown part assembly including the shrinking platform, shrinking supports, and the desired part. The shape-retaining brown part assembly is heated to shrink all of the components together at a same rate via atomic diffusion."
10000014,0,"The present invention relates to a process for the production of at least two-layer thermoplastic foam sheets via thermal welding of at least two thinner thermoplastic foam sheets. In the process of the invention, at least two heating elements are conducted on mutually offset planes between the surfaces to be welded of the thinner thermoplastic foam sheets, and the foam sheets here do not touch the heating elements. The number of layers of the thermoplastic foam sheet is per se a result of the number of thinner thermoplastic foam sheets that are thermally welded to one another. If by way of example three thinner thermoplastic foam sheets are thermally welded to one another, a three-layer thermoplastic foam sheet is per se obtained, and if there are four thinner thermoplastic foam sheets the result is accordingly per se a four-layer thermoplastic foam sheet."
10000015,0,A hermetically sealed optical component includes an optical material including an optical material comprising quantum dots sealed between glass substrates by a hermetic seal including a liquid crystalline polymer.
10000016,0,A film edge sealing device is disclosed herein which has a groove defining a base. The base of the groove of the edge sealing device is oriented at a skewed angle with respect to a longitudinal direction of the conveyor of the heat sealing machine. Edges of a thermoplastic sheet or two stacked layers of thermoplastic sheets are introduced into the groove of the edge sealing device and placed in contact therewith to both heat and melt the edges of the thermoplastic sheet(s) to form a bead and join the edges thereof to form an edge bead seal.
10000017,0,"The invention relates to a method for securing an attachment (3, 33) to a component, in particular a rotor blade (1), in which the component is provided with an adhesion surface (36), the attachment (3, 33) is provided with a corresponding adhesion surface (9), the attachment (3, 33) is provided with an adhesive-conveying connection to the corresponding adhesion surface (9), the adhesion surface (36) is placed on the corresponding adhesion surface (9), a gap (53) is formed between the adhesion surface (36) and the corresponding adhesion surface (9), the attachment (3, 33) is pressed against the corresponding adhesion surface (9) and at the same time the adhesive (80) is injected into the gap (53) through the adhesive-conveying connection."
10000018,0,"A stretch release adhesive is disclosed. The stretch release adhesive can be used for extracting an electrical component from an interior surface of a housing of a mobile computing device. The stretch release adhesive can have a double-sided adhesive body configured to adhere the component to the interior surface of the housing. A portion of the double-sided adhesive body is configured to extend out from between the electrical component and the interior surface of the housing to provide a graspable portion. When the stretch release adhesive is adhered between the electrical component and the internal surface of the housing, the stretch release adhesive can receive a pulling force at the graspable portion. If pulled with enough force, the stretch release adhesive will extend outwardly from between the electrical component and the internal surface of the mobile computing device, then completely release the electrical component from the mobile computing device."
10000019,0,"An installation assembly and an associated method for forming a bonded join are provided to permit the adhesive attachment of a first workpiece, such as a patch, to a portion of a second workpiece. The installation assembly and the associated method provide for at least partial debulking of the adhesive prior to curing of the adhesive such that the resulting bondline may have improved mechanical properties as a result of having fewer voids and/or porosity. The installation assembly may include an installation stand and a carrier plate supported by the installation stand and including an attachment surface configured to carry the first workpiece. The installation stand also includes an adjustment mechanism for positioning a carrier plate to a first predefined position to define a gap between the first and second workpieces and also to a second predefined position such that a predetermined bondline thickness is defined between the first and second workpieces."
10000020,0,"A three-dimensional object printer enables forming portions of an object with a material having a higher melting temperature and a lower coefficient of friction. The printer includes a member, a printhead, and an applicator. A controller operates the printhead to eject a first material having a first coefficient of friction toward the member and operates the applicator to eject a second material having a second coefficient of friction toward the member. The second material has a higher melting temperature and a lower coefficient of friction than the first material. The printer further includes a curing device. The controller operates the curing device to direct radiation toward the member to cure the first material. The second material is cured into the first material."
10000021,0,"There is provided a method for manufacturing a three-dimensional shaped object. The method of the present invention comprises the repeated steps of: (i) forming a solidified layer by irradiating a predetermined portion of a powder layer with a light beam, thereby allowing a sintering of the powder in the predetermined portion or a melting and subsequent solidification thereof; and (ii) forming another solidified layer by newly forming a powder layer on the resulting solidified layer, followed by the irradiation of a predetermined portion of the powder layer with the light beam; wherein only the surface portion of the solidified layer, to which a force is applied when the three-dimensional shaped object is used, is subjected to a machining process."
10000022,0,"A process for manufacturing a three-dimensional object from a powder by selective sintering the powder using electromagnetic radiation. The powder comprises recycled PAEK. In one embodiment, the powder comprises recycled PEKK. In one embodiment, the powder comprises first recycle PEKK and second recycle PEKK. In one embodiment, the powder consists essentially of recycled PEKK. The process may include the step of maintaining a bed of a selective laser sintering machine at approximately 300 degrees Celsius and applying a layer of the powder to the bed. The average in-plane tensile strength of the three-dimensional object is greater than that of a three-dimension object manufactured by selective sintering using a powder comprising an unused PEKK powder."
10000023,0,"An apparatus and method for making a three-dimensional object from a solidifiable material using a linear solidification device is shown and described. In certain examples, the linear solidification device includes a laser diode that projects light onto a scanning device, such as a rotating polygonal mirror or a linear scanning micromirror, which then deflects the light onto a photohardenable resin. As a result, the linear solidification device scans a line of solidification energy in a direction that is substantially orthogonal to the direction of travel of the laser diode. In other examples, the linear solidification device is a laser device array or light emitting diode array that extends in a direction substantially orthogonal to the direction of travel of the array."
10000024,0,"An apparatus for controlling 3D printing includes an output determiner configured to determine, after generating a first control command to output a 3D object, whether an additional 3D object is able to be output through an output task for the 3D object, and a control command generator configured to generate a second control command to output a not-yet-output part of the 3D object and the additional 3D object if it is determined that the additional 3D object is able to be output through the output task."
10000025,0,A composite laminate has a primary axis of loading and comprises a plurality resin plies each reinforced with unidirectional fibers. The laminate includes cross-plies with fiber orientations optimized to resist bending and torsional loads along the primary axis of loading.
10000026,0,A composite induction consolidation apparatus includes a base mandrel and a ferromagnetic base mandrel facesheet having a specific Curie temperature carried by the base mandrel. The base mandrel facesheet is adapted to support a composite part and allow ambient air pressure to compact the composite part against the base mandrel facesheet. At least one magnetic induction coil is provided in the base mandrel.
10000027,0,"A plant for reshaping plastic preforms into plastic containers, includes a heating device for heating the plastic preforms, and a device for reshaping the plastic preforms into the plastic containers, arranged downstream of the heating device in the transport direction of the plastic preforms, wherein the reshaping device includes a transport device, which transports the plastic preforms along a predefined transport path and wherein the transport device has a station carrier on which a multitude of reshaping stations are arranged, each having blow mold devices each arranged on blow mold carriers. The reshaping device includes a changing device, which is suited and intended for at least removing and/or attaching the blow mold devices to the blow mold carriers, wherein this changing device is further suited and intended for at least removing and/or attaching the changeable element to the heating device."
10000028,0,"A method of making a mechanical fastening net. The method includes providing a net having strands of polymer and open areas between the strands of polymer and molding a portion of the polymer in the strands of the net into upstanding posts to form the mechanical fastening net. A mechanical fastening net that includes a polymeric backing, a plurality of openings in the polymeric backing, and upstanding posts on at least one of the first or second major surface of the polymeric backing is also disclosed. The polymeric backing has a range of thicknesses ranging from minimum to maximum thickness, and for at least a portion of the polymeric backing, the minimum thickness of the polymeric backing is where it abuts one of the openings."
10000029,0,"A method of manufacturing a power transmission belt includes: molding and vulcanizing an endless tension member layer in which a cord extending in a belt length direction is embedded; molding and vulcanizing a rubber member for a compressed rubber layer; and bonding together the tension member layer that has been vulcanized and the rubber member, that has been vulcanized, for the compressed rubber layer."
10000030,0,A tire mold has a tire molding surface. The tire molding surface is pressed against an outer surface of an uncured tire. A vent hole is provided in the tire molding surface. A surface of an outer edge region surrounding an opening of the vent hole is formed by a smooth surface. The smooth surface is smoother than a surface in a peripheral region of the outer edge region.
10000031,0,"A method of manufacturing a honeycomb structure includes providing a honeycomb body having a first contour extending between opposing first and second ends and chamfering a corner of the first end in a radial and axial direction toward the first contour to form a second contour. The method further includes removing material in an axial direction toward the second face to form a third contour, chamfering a corner of the third contour in a radial and axial direction toward the second end to form an end contour, and removing material in an axial direction toward the first face to form a fourth contour. Removing material to form the fourth contour substantially removes the second contour and the end contour."
10000032,0,"A method and a press are proposed for an energy-efficient drive of a press (1) with a bottom drive, in which a drive device (2) disposed in a bottom section (3), a plunger (1.1) executing a stroke (H) and receiving an upper tool part (1.2) with at least one acting tie rod (2.1.2) of a drive train (2.1) are provided and the upper tool part (2.1) corresponding to a bottom tool part (3.2) disposed in the bottom section (3) machines or forms a work piece (5). The drive device (2) is operated by at least one motor (2.1.1) and by way of a control and regulation device (4) connecting the motor (2.1.1) and the drive train (2.1). Each drive train (2.1) can be operated by its own motor (2.1.1). When using a drawing device with a holder (3.3.1), it is operated in the change and during at least a partial path of the respective stroke (H) by the drive train (2.1) while observing a shaft-type free space (3.2) provided in the bottom section (3) in a coupled or decoupled manner by a releasable rotatory or translational active connection."
10000033,0,"Disclosed are embodiments of a versatile storage bag and methods of making same. The versatile storage bag may have first and second sidewalls, a double-locking closure mechanism with a first closure element extending along the first sidewall and a second closure element extending along the second sidewall, each closure element having a channel and an elongated member configured for interlocking with one another. A double-seal along three sides of the first sidewall and the second sidewall form a gusset between two seals, leaving an opening through the double-locking closure mechanism. Corner seals may be formed at the corners of the first and second sidewalls, further reinforcing the double-locking closure mechanism for an airtight and hence waterproof seal. The versatile storage bag may be made of a food-grade polyethylene vinyl acetate blend, approximately 90% or less ethylene vinyl acetate and approximately 10% or less polyethylene."
10000034,0,"The present patent application discloses an envelope making plate. The envelope making plate includes a plate body with a marking groove, a reference edge; and a scale line or an indication line corresponding to the type of the envelope. The plate body is divided into a working area and a non-working area by the reference edge. The envelope paper abuts against or aligns with the reference edge. One side of the envelope paper is the working area, and another side is the non-working area. The marking groove is set in the working area of the plate body and intersects with the reference edge or an extension line of the reference edge. The marking groove divides the reference edge or the extension line of the reference edge into an acute angle and an obtuse angle. The scale line or the indication line corresponding to the type of the envelope is set along the reference edge and on the side where the marking groove and the reference edge form the acute angle. A second indication line is set in the non-working area of the plate body and is perpendicular to the marking groove. An extension line or virtual extension line of the second indication line intersects with the marking groove within the working area of the plate body. It is easy to achieve a full utilization of the plate body's area when making the envelope by making the angle between the marking groove and the indication line being as an acute angle. It saves the materials of the plate body."
10000035,0,"A hose assembly, preferably a garden hose assembly, including a jacketed tube that is lightweight, durable and versatile. The tube is able to expand longitudinally along the length-wise axis of the hose between hose ends, as well as radially or circumferentially, to an expanded state in response to application of at least a minimum fluid pressure to an inner tube of the hose. Once the fluid pressure falls below the minimum fluid pressure, the hose assembly will contract. The two layer construction of the hose assembly allows for storage in relatively compact spaces, similar flow rates, approximately one-half the weight, and improved maneuverability when compared to conventional hose constructions. In one embodiment the jacket is formed around the tube in a continuous process that welds a material, preferably using hot air, into the jacket. The welded joint forms a region of jacket that is preferably about twice the thickness of the rest of the jacket. This thicker region results in a stiffer section of jacket that makes the hose more controllable and consistent in use."
10000036,0,"Boron nitride nanotubes (BNNTs), boron nitride nanoparticles (BNNPs), carbon nontubes (CNTs), graphites, or their combinations, are incorporated into matrices of polymer, ceramic or metals. Fibers, yarns, and woven or nonwoven mates of BNNTs are uses as toughening layers in penetration resistant materials to maximize energy absorption and/or high hardness layers to rebound or deform penetrators. They can be also uses as reinforcing inclusions combining with other polymer matrices to create composite layer like typical reinforcing fibers such as KevlarÂ®, SpectraÂ®, ceramics and metals. Enhanced wear resistance and prolonged usage time, even under harsh conditions, are achieved by adding boron nitride nanomaterials because both hardness and toughness are increased. Such materials can be used in high temperature environments since the oxidation temperature of BNNTs exceeds 800Â° C. in air. Boron nitride based composite materials are useful as strong structural materials for anti-micrometeorite layers for spacecraft and space suits, ultra strong tethers, protective gear for the human body as well as for vehicles, helmets, shields and safety suits/helmets for industry."
10000037,0,"The purpose of the present invention is to prevent an increase in reflectance and a decrease in transmittance, retain the intact instantaneousness and ease of stripping, improve the releasability of the adhesive, avoid the generation of distortion due to the thickness of the adhesive, and ensure the visibility, by laminating filmy members (10) each equipped with a moth-eye structure (12). This transparent laminate (1) comprises a plurality of filmy members (10) which each comprise a base (11) and, disposed on at least one surface thereof, a structure (12) made up of recesses and protrusions which have been regularly arranged at a pitch not longer than the wavelengths of visible light. At least the ends of the filmy members (10) have been superposed, with a pressure-sensitive adhesive layer (2) interposed therebetween. In the superposed filmy members (10), there is a space (14) between the opposed structures (12)."
10000038,0,"Provided is an alloy plate coated material including a base material, and an alloy plate layer which is formed on the base material to constitute an outermost layer and is formed from a M1-M2-M3 alloy (provided that M1 is at least one element selected from Ni, Fe, Co, Cu, Zn and Sn; M2 is at least one element selected from Pd, Re, Pt, Rh, Ag and Ru; and M3 is at least one element selected from P and B), in which the alloy plate layer has a molar ratio of M1 to M2 (M1/M2) of 0.005 to 0.5."
10000039,0,"A multilayer interlayer structure having a low Mw/high Tg layer and a high Mw layer, the interlayer having a high Eâ€² modulus and a higher Tg. The high Tg layer has a Tg of at least 50Â° C. and a weight average molecular weight of not more than 160,000. The high Mw layer has a molecular weight greater than 160,000. The interlayer structure has increased stiffness without having to increase its thickness, and has an increased Tg to enable the structure to be used in applications that require good modulus at outdoor temperatures."
10000040,0,"Floor panel of the type substantially consisting of a substrate and a top layer provided-thereon based on synthetic material. The top layer includes a printed decor and one or more material sheets provided with synthetic material. The floor panel also includes a balancing layer at the underside of the substrate, the balancing layer containing a synthetic material layer which is free from material sheets. Methods used to make the panels are disclosed."
10000041,0,"A method for making a decorative multilaminar veneer with accentuated curvilinear shapes consists of the steps of: obtaining sheets of wood from a log of wood or from a block of multilaminar wood; superimposing and permanently sticking the sheets of wood on top of one another to form a plurality of packets of sheets of wood; providing a plurality of male molds and at least one female countermold, wherein each male mold has a convex curvilinear profile with different curvature radiuses of one mold with respect to the other and wherein the female countermold has a concave curvilinear profile; arranging, pressing and permanently sticking together several packets, in sequence and superimposed, between the female countermold and in sequence the male molds to deform in a curvilinear manner the packets, replacing in sequence, upon the reaching of a preset height of the superimposed, joined and deformed packets a male mold with a profile with a greater curvature radius with a successive male mold with a profile with a lesser curvature radius; obtaining a sliceable block formed by said superimposing, joining and deforming of packets of the sheets of wood; slicing said block to obtain a decorative multilaminar veneer."
10000042,0,"The current disclosure relates to a polymeric laminate structure having an outer polystyrene film, either blown or cast, comprised of crystal polystyrene homopolymer, optionally blended with up to about 45 wt-% of high impact polystyrene and/or inorganic fillers."
10000043,0,Multilayer film comprising two thin layers D and E of a thermoplastic material bonded to one another by a continuous layer A that is a hot-melt pressure-sensitive adhesive composition:      
10000044,0,"Panel, particularly a panel used for making furnishings such as doors, boards, tables, furniture or the like, which panel on at least one face thereof has at least a three-dimensional structure and which panel is composed of a mechanically rigid base or supporting sheet and a coating sheet for giving the aesthetic appearance to said panel, said coating sheet being superposed on at least one face of the base sheet, wherein the compound of said coating sheet is composed of thermoplastic polymers mixed with a vegetable and/or mineral filler, which compound gives such flexibility properties to the coating sheet that said coating sheet can be wound on itself."
10000045,0,"A multilayered tube for transporting fuel including an innermost layer (A), an outermost layer (B) and an intermediate layer (C), characterized by that: the innermost layer (A) and the outermost layer (B) include a resin composition including 40 mass % or more of semi-aromatic polyamide; a flexural modulus of a material constituting the intermediate layer (C) measured according to ISO 178 is 800 MPa or less; and it is used in an environment in which both the innermost layer (A) and the outermost layer (B) are contacted with biodiesel fuel. In addition, a fuel pump module including the multilayered tube for transporting fuel and a method for using them."
10000046,0,"Methods of creating thick composite structures are provided. The methods may be applied to two or more prepreg structures of composite materials to form laminate structures that are thicker than approximately five (5) inches without excessive exothermic events resulting in inconsistent cure and high residual stresses. The method may include heating a first sheet to achieve a specified increase in resin viscosity. In response to achieving the specified resin viscosity, a second portion of composite material may be applied to the first portion. The assembly may be heated to create a laminate structure which is chemically bonded with no interface."
10000047,0,"The present invention provides a method for manufacturing a curved liquid crystal display panel, which comprises coating a sealing gum on a first or a second frame sealing region; filing liquid crystals between the two substrates and adhering the two substrates together; performing a first curing on partial sealing gum on a first set or a third set of frame bodies; bending the first set and the third set of frame bodies obtained after the first curing along the extension direction of the first set of frame bodies; performing a second curing on uncured sealing gum on the two bended substrates."
10000048,0,"A taping apparatus includes an elongate body portion having a moveable control member for controlling the advancement of tape and a head portion connected to the elongate body portion for advancing the tape. The head portion includes a first stop, a second stop, a guide extending from the first stop to the second stop, and a tape advance mechanism moveable along the guide. The tape advance mechanism and the control member are coupled to one another such that the tape advance mechanism is moveable in response to movement of the control member. The tape advance mechanism includes a rotatable cam and a needle that rotates with the cam."
10000049,0,"An applicator die for creating and applying laminarized ribbons of polymeric film to a target surface, such as but not limited to a surface of an automobile body component. In one embodiment, the protective film is an aqueous emulsion of polyvinyl acetate and is used to create a continuous peelable film to protect a surface. In another embodiment, the polymeric is polyvinyl chloride and it is applied to create an anti-chip coating. The applicator die has an internal supply gallery and an outlet slot of complex shape to emit a laminarized ribbon of polymer-based material that allows the material to be applied directly to the target surface without masking. A robot is used to control movement of the die. The die includes temperature control."
10000050,0,"A method for the manufacture of a fiber composite component with a base element, and with at least one ancillary element bonded to the base element. A reinforcement element is introduced in at least one bonding region of the base element or the ancillary element for purposes of developing a bonding surface for the ancillary element or the base element. A reinforcement element with fiber sections, the ends of which emanate from a bonding surface is provided. A fiber composite component is provided with a base element, in the bonding regions of which reinforcement elements are introduced, on the bonding surfaces of which ancillary elements are bonded with one such."
10000051,0,A method of manufacturing a three-dimensional object facilitates removal of the three-dimensional object from the platen on which the object was formed. The method includes rotating the platen from a horizontally level position to a position at an angle to the level position to enable gravity to urge the three-dimensional object away from the platen and inductively heating the platen to melt support material at the boundary of the object and the platen to release the three-dimensional object from the platen.
8087100,1,"A helmet mount for night vision apparatus wherein night vision goggles can be coupled and uncoupled to its power pack without the use of tools and wherein the power pack can be coupled and uncoupled to a helmet without the use of tools. When an aviator wearing a helmet with night vision apparatus so mounted, is ejected from his aircraft both the goggles and the power pack are released from the helmet."
8087232,1,"In an exhaust system of an internal combustion engine having a plurality of cylinders, a control valve is disposed downstream of a junction point of one of two exhaust passages of the engine, and a control valve and a catalytic converter are disposed downstream of a junction point of the other of the exhaust passages. The control valves of the two exhaust passages are controlled so that exhaust gas of all of the cylinders mainly passages the catalytic converter of the other exhaust passage during startup of the engine."
8087233,1,"A diesel engine includes: a PM filter provided in its exhaust passage; a fuel injection valve for performing post fuel injection in a cylinder of an engine body in addition to primary fuel injection, in order to supply fuel to the PM filter, to maintain its purification performance; an oil level sensor for detecting a degree of dilution of engine oil; and a first indicator lamp that is turned on to indicate that the engine oil needs to be changed when the degree of dilution of engine oil detected by the oil level sensor is equal to or greater than an allowable level. The vehicle diesel engine overrides the prohibition of the post fuel injection until a distance traveled by the vehicle after the indicator lamp is turned on reaches a predetermined distance."
8087234,1,"An exhaust gas purification controller for controlling bed temperature of a DPF, which is arranged in an exhaust system of an internal combustion engine, at a target bed temperature by supplying fuel to the internal combustion engine. The exhaust gas purification controller includes a control unit and a transitional state detection unit. The control unit, when controlling the bed temperature of the exhaust gas purification catalyst, learns a supply amount of fuel that allows for correction of a difference between the catalyst bed temperature and the target bed temperature in the present state and reflects a learned value obtained through the learning on the supply amount of fuel. The transitional state detection unit detects a transitional state of an exhaust gas flow to the DPF. The control unit restricts the learning when the transitional state of the exhaust gas flow is detected."
8087236,1,"An exhaust gas purifying system for an internal combustion engine includes a first exhaust passage (22a) and a second exhaust passage (22b) into which an exhaust passage (21) of the internal combustion engine is bifurcated. NOx storage reduction catalysts (23a, 23b) and particulate filters (24a, 24b) are provided in each of the exhaust passages (22a, 22b). Fuel is supplied from a fuel valve (32) when NOx is to be released from the NOx storage reduction catalysts (23a, 23b). At a timing when the supplied fuel attaches to the NOx storage reduction catalysts (23a, 23b), one of exhaust control valves, for example, a first exhaust control valve (26a) is temporarily closed so as to keep the air-fuel ratio of exhaust gas rich. When NOx is released from the NOx storage reduction catalysts (23a, 23b) next time, a second exhaust control valve (26b) is temporarily closed after the fuel is supplied."
8087253,1,"A method of operating a turbine engine, wherein the turbine engine includes a compressor, a combustor, a turbine, a plurality of successive axially stacked stages that include a row of circumferentially spaced stator blades and circumferentially spaced rotor blades, and a plurality of circumferentially spaced injection ports disposed upstream of a first row of stator blades in the turbine; the injection ports comprising a port through which cooling air is injected into the hot-gas path of the turbine, the method comprising: configuring the stator blades in the first row of stator blades such that the circumferential position of a leading edge of one of the stator blades is located within +/âˆ’15% pitch of the first row of stator blades of the circumferential location of the injection port midpoint of at least a plurality of the injection ports."
8087262,1,A process and device for abating air-borne particles during glass melt handling processes by using electrostatic precipitation. The invention is effective in abating both precious metal inclusions and non-metallic inclusions in the produced glass.
8087394,1,"A combustion chamber system, for use in connection with internal combustion powered fastener-driving tools, comprises a dual-level combustion chamber comprising first and second pre-combustion and main combustion chambers, and a dual-level rotary valve mechanism which is operatively connected to the dual-level combustion chamber so as to control the intake of the air/fuel mixture as well as the scavenging or purging of the exhaust gases or combustion products. The first and second pre-combustion and main combustion chambers are also separated by a plate having a plurality of apertures defined therein whereby multiple jets or flame fronts are defined throughout the combustion chamber system."
8087397,1,"An engine with a two vacuum sources is disclosed. In one example, a valve position is adjusted in when engine load is low and intake manifold pressure is low to arbitrate vacuum between the two vacuum sources. The approach may increase engine operating efficiency during at least some conditions."
8087403,1,"An electromagnetic PCV valve includes a valve seat, a valve element, a step motor for moving the valve element, and a housing that houses the valve seat, the valve element, and the step motor. When the valve element is moved by the step motor, a size (an opening degree) of a blow-by gas passage defined between the valve seat and the valve element is changed. The step motor is configured to selectively receive energization for moving the valve element and energization for holding the valve element in a fixed position. A heating apparatus of the PCV valve 1 includes a cover member and an output shaft that conducts heat generated in the step motor by energization to the valve element and the valve seat, and an electronic control unit (ECU) for conducting energization of the step motor to hold the valve element in the fixed position."
8087460,1,"A method for heating a subsurface formation using electrical resistance heating is provided. In one aspect, the method includes creating a passage in the subsurface formation between a first wellbore located at least partially within the subsurface formation, and a second wellbore also located at least partially within the subsurface formation. An electrically conductive granular material is placed into the passage so as to provide electrical communication between the first wellbore and the second wellbore. Electrically conductive members are provided in the first wellbore and second wellbore so as to form an electrically conductive flow path comprised of the electrically conductive members, the granular material, and a power source. An electrical current is established through the electrically conductive flow path, thereby resistively heating at least a portion of the conductive members which in turn heats the subsurface formation."
8087483,1,"A hybrid powertrain is provided that provides engine starting from an electric-only mode with a reduced torque load on the motor/generator. The powertrain includes an engine and a motor/generator, which may be a single motor/generator in a strong or full hybrid, but is not limited to such. The motor provides propulsion torque in an electric-only operating mode, and is configured to apply torque to a transmission input member. A first clutch is selectively engagable to connect the engine output member for common rotation with the transmission input member. An engine starting mechanism is provided that multiplies motor torque used to start the engine so that less is diverted from propelling the vehicle, enabling a smaller motor/generator to be used. A method of controlling such a powertrain is also provided."
8087534,1,A cryogenic storage tank having an inner vessel disposed within an outer vessel. The fluid flow lines that extend from the interior of the inner vessel to the exterior of the outer vessel have both corrugated- and non-corrugated portions. The corrugated portions advantageously facilitate the bending of the fluid flow lines into a desired orientation while the non-corrugated portions provide rigidity and stiffness for the fluid flow lines.
8087537,1,"A pressure container includes a metal socket and a CFRP layer that contacts the metal socket. A metal oxide layer is formed on a first contact area where the socket contacts the CFRP layer. The socket may be made of aluminum or aluminum alloy, and the oxide layer may be formed by anodizing the socket."
8087613,1,"An aircraft passenger seat assembly as described herein is formed from two primary and modular components: a structural frame that provides passenger support and dynamic load paths for the seat assembly; and a comfort frame that provides the passenger seating surface and the external upholstery layer for the seat assembly. If the seat assembly is designed for multiple passengers, then a separate comfort frame is used for each passenger seat location. The structural frame can be formed as a molded composite construction, and the comfort frame can also utilize a molded composite support frame. The support frame is used as a mounting shell for a fabric carrier that includes the external upholstery layer. The modular design and use of composite materials results in a significant weight and parts count savings relative to conventional seat designs."
8087617,1,A retractable chine assembly includes at least one chine which is hingebly mountable to a surface such as of an aircraft having a wing. The chine is preferably configured to be movable between stowed and deployed positions. The aircraft may include an engine nacelle which may be mounted on an underside of the wing. The nacelle may generate a nacelle wake that passes over the wing upper surface at high angles of attack and induces flow separation. The chine is preferably configured such that a vortex generated thereby interacts which the nacelle wake to delay flow separation and stall.
8087618,1,"A propulsion system for an aircraft includes an airfoil, an engine having an engine cowling carried by the airfoil and configured to produce exhaust gases that are predominantly directed toward an aft end of the airfoil by the engine cowling as engine exhaust, a propulsion flap carried by the airfoil and disposed aft of the engine cowling and a plurality of exhaust ejection orifices provided in the propulsion flap and adapted to receive at least a portion of the exhaust gases from the engine cowling."
8087797,1,"An illumination device includes independent light sources and pivotable legs. In an embodiment, each independent light source includes a head having an illumination element; a body; a power source holder configured to receive a power source for powering the illumination element; a switch configured to control the independent light source; and an electrical circuit configured to place the independent light source and at least one other independent light source in an electrically coupled state. The switch may be configured to control an illumination state of both the independent light source and the at least one other independent light source when in the electrically coupled state. The illumination provided by the illumination device may be adjusted to different angles with respect to a longitudinal axis of the illumination device by rotating each of the plurality of pivotable heads. The pivotable legs are movable between a retracted configuration and an expanded configuration."
8087884,1,"A stator vane includes leading and trailing edges extending longitudinally between a root and a tip, the trailing edge having an exit swirl angle distribution such that the exit swirl angle has a maximum value at an intermediate radius location."
8087885,1,"Improved annular components and improved methods for assembling annular components into a turbine engine are described with respect to an axial compressor having a plurality of annular compressor rotor airfoil assemblies (120) as an example. Each compressor rotor airfoil assembly comprises an annular rotor portion (122), a spacer portion (124) extending axially therefrom and a plurality of airfoils (52) extending radially therefrom. The plurality of airfoils may be integrally formed with the annular portion. The compressor rotor airfoil assemblies are stacked sequentially on a center-tie (134) or outer circumferential tie. The spacer portion of one compressor rotor airfoil assembly (120a) abuts the annular rotor portion of the adjacent compressor rotor airfoil assembly (120b) to retain one another on the center-tied outer circumferential tie. By stacking the compressor rotor airfoil assemblies sequentially and then retaining them, the typical split cases, flanges and rotor bolts may be eliminated."
8087898,1,"A wind turbine including an article, article, and method of forming an article for distributing stress are disclosed. The article includes a flange for securing an upper tower section and a lower tower section of a wind turbine and includes a first arm extending in a first direction, a second arm extending in a second direction substantially perpendicular to the first direction, a relief region disposed between the first arm and the second arm, the relief region maintaining or improving the distribution of stress on wind turbine components selected from the group consisting of the first arm of the flange, the second arm of the flange, a fastener of the flange, and combinations thereof."
8087900,1,"An agricultural harvester includes a first power unit which is couplable with a first primary load. The first primary load includes a threshing system load. A second power unit has a threshold power output and is couplable with a second primary load. The second primary load includes a propulsion load. A first motor/generator is mechanically coupled with the first power unit. A second motor/generator is mechanically coupled with the second power unit. The second motor/generator and the first motor/generator are electrically coupled together. At least one electrical processing circuit is coupled with each of the first motor/generator and the second motor/generator. The at least one electrical processing circuit is configured for selectively transferring electrical power from the first motor/generator to the second motor/generator, when the second power unit is at or above the threshold power output."
8088030,1,"An electrically-variable transmission is provided with substantially identical motor modules to simplify assembly and realize economies of scale in purchasing and testing the motor modules. First and second motor modules are packaged within a transmission casing and are operatively connecting the input member and the output member and coaxially arranged about the axis of rotation. Each motor module includes a respective motor/generator with a rotor rotatable about the axis of rotation and defining a rotor cavity. A planetary gear set is packaged within the cavity and has a first, a second and a third member. A rotor hub supports the rotor and has first and second annular end portions at opposing ends of the rotor hub, and an annular midportion connected for common rotation with the first member of the planetary gear set. A selectively engagable rotating-type clutch is packaged within the cavity and connected with the rotor hub."
8088034,1,"This invention relates to a control device for a hybrid vehicle power transmitting apparatus. A heat generation control is executed to increase a heat generation amount of an electric motor M1 when a differential portion 11 is placed in a non-differential state and a temperature of a shifting mechanism 10 is less than a given transmitting apparatus temperature determining value TEMP11. This allows the first electric motor M1 to develop a heat with which the temperature of a shifting mechanism 10 is promptly raised, thereby promptly completing a warm-up of the shifting mechanism 10 to achieve improved fuel consumption."
8088035,1,"The intermittence prohibition vehicle speed Vpr is set to the smallest of the standard intermittence prohibition vehicle speed Vpr1 set according to the input limit Win of the battery, the sequential intermittence prohibition vehicle speed Vpr2 set for the sequential gearshift position, and the power mode intermittence prohibition vehicle speed Vpr3 set for the power mode (S400 to S480). When the vehicle speed V is less than the intermittence prohibition vehicle speed Vpr, the hybrid vehicle is driven with output of the torque demand Tr* to the driveshaft within the range of the input limit Win or the output limit Wout of the battery with intermittent operation of the engine. When the vehicle speed V is more than or equal to the intermittence prohibition vehicle speed Vpr, the hybrid vehicle is driven with output of the torque demand Tr* to the driveshaft within the range of the input limit Win or the output limit Wout of the battery in prohibition of the intermittent operation of the engine."
